{
  "source": "aegis_raw",
  "model_info": {
    "n_params_total": 94956811,
    "n_params_trainable": 9231883,
    "n_params_frozen": 85724928,
    "model_size_mb": 379.83,
    "checkpoint_size_mb": 453.83,
    "gpu_name": "Tesla V100-SXM2-32GB"
  },
  "performance": {
    "total_inference_time_s": 35.255,
    "avg_time_per_video_s": 0.0809,
    "videos_per_second": 12.37,
    "peak_gpu_memory_mb": 2189.9,
    "total_videos_processed": 436
  },
  "metrics": {
    "pixel": {
      "auc": 0.8606283141149735,
      "f1": 0.780952380952381,
      "accuracy": 0.7889908256880734,
      "recall": 0.7522935779471425,
      "precision": 0.8118811880786198,
      "fpr": 0.17431192659750863,
      "n": 436,
      "n_real": 218,
      "n_fake": 218
    },
    "motion": {
      "auc": 0.8120107735039139,
      "f1": 0.5835866261398176,
      "accuracy": 0.6857798165137615,
      "recall": 0.4403669724568639,
      "precision": 0.8648648647869491,
      "fpr": 0.06880733944638498,
      "n": 436,
      "n_real": 218,
      "n_fake": 218
    },
    "consistency": {
      "auc": 0.8544314451645484,
      "f1": 0.7869565217391304,
      "accuracy": 0.7752293577981652,
      "recall": 0.8302752293197121,
      "precision": 0.7479338842666142,
      "fpr": 0.27981651374863226,
      "n": 436,
      "n_real": 218,
      "n_fake": 218
    },
    "pixel+motion": {
      "auc": 0.8910866088713072,
      "f1": 0.7753086419753087,
      "accuracy": 0.7912844036697247,
      "recall": 0.7201834862054961,
      "precision": 0.839572192468472,
      "fpr": 0.13761467889276996,
      "n": 436,
      "n_real": 218,
      "n_fake": 218
    },
    "pixel+consistency": {
      "auc": 0.8668462250652301,
      "f1": 0.7749419953596288,
      "accuracy": 0.7775229357798165,
      "recall": 0.7660550458364195,
      "precision": 0.7840375586486367,
      "fpr": 0.21100917430224728,
      "n": 436,
      "n_real": 218,
      "n_fake": 218
    },
    "motion+consistency": {
      "auc": 0.878703391970373,
      "f1": 0.8018018018018018,
      "accuracy": 0.7981651376146789,
      "recall": 0.8165137614304351,
      "precision": 0.7876106194341765,
      "fpr": 0.22018348622843195,
      "n": 436,
      "n_real": 218,
      "n_fake": 218
    },
    "pixel+motion+consistency (ana)": {
      "auc": 0.8910445248716438,
      "f1": 0.7815533980582524,
      "accuracy": 0.7935779816513762,
      "recall": 0.7385321100578655,
      "precision": 0.8298969071737167,
      "fpr": 0.15137614678204697,
      "n": 436,
      "n_real": 218,
      "n_fake": 218
    }
  },
  "generator_breakdown": {
    "camera": {
      "auc": NaN,
      "f1": 0.0,
      "accuracy": 0.8486238532110092,
      "recall": 0.0,
      "precision": 0.0,
      "fpr": 0.15137614678204697,
      "n": 218,
      "n_real": 218,
      "n_fake": 0
    },
    "kling": {
      "auc": NaN,
      "f1": 0.8315789473684211,
      "accuracy": 0.7117117117117117,
      "recall": 0.7117117116475936,
      "precision": 0.9999999998734178,
      "fpr": 0.0,
      "n": 111,
      "n_real": 0,
      "n_fake": 111
    },
    "sora": {
      "auc": NaN,
      "f1": 0.8677248677248677,
      "accuracy": 0.7663551401869159,
      "recall": 0.7663551401152939,
      "precision": 0.9999999998780489,
      "fpr": 0.0,
      "n": 107,
      "n_real": 0,
      "n_fake": 107
    }
  }
}