{
  "source": "genbuster",
  "model_info": {
    "n_params_total": 94956811,
    "n_params_trainable": 9231883,
    "n_params_frozen": 85724928,
    "model_size_mb": 379.83,
    "checkpoint_size_mb": 453.83,
    "gpu_name": "Tesla V100-SXM2-16GB"
  },
  "performance": {
    "total_inference_time_s": 162.87,
    "avg_time_per_video_s": 0.0814,
    "videos_per_second": 12.28,
    "peak_gpu_memory_mb": 2189.9,
    "total_videos_processed": 2000
  },
  "metrics": {
    "pixel": {
      "auc": 0.8548,
      "f1": 0.8141772151898734,
      "accuracy": 0.8165,
      "recall": 0.80399999999196,
      "precision": 0.824615384606927,
      "fpr": 0.17099999999829,
      "n": 2000,
      "n_real": 1000,
      "n_fake": 1000
    },
    "motion": {
      "auc": 0.43276000000000003,
      "f1": 0.4499484004127967,
      "accuracy": 0.467,
      "recall": 0.43599999999564,
      "precision": 0.4648187633212706,
      "fpr": 0.50199999999498,
      "n": 2000,
      "n_real": 1000,
      "n_fake": 1000
    },
    "consistency": {
      "auc": 0.8356620000000001,
      "f1": 0.7780925401322002,
      "accuracy": 0.765,
      "recall": 0.82399999999176,
      "precision": 0.7370304114424238,
      "fpr": 0.29399999999706,
      "n": 2000,
      "n_real": 1000,
      "n_fake": 1000
    },
    "pixel+motion": {
      "auc": 0.8319724999999999,
      "f1": 0.7798165137614679,
      "accuracy": 0.784,
      "recall": 0.76499999999235,
      "precision": 0.795218295210029,
      "fpr": 0.19699999999803,
      "n": 2000,
      "n_real": 1000,
      "n_fake": 1000
    },
    "pixel+consistency": {
      "auc": 0.844652,
      "f1": 0.7919725893294175,
      "accuracy": 0.7875,
      "recall": 0.80899999999191,
      "precision": 0.7756471716128893,
      "fpr": 0.23399999999766,
      "n": 2000,
      "n_real": 1000,
      "n_fake": 1000
    },
    "motion+consistency": {
      "auc": 0.796815,
      "f1": 0.7612590799031477,
      "accuracy": 0.7535,
      "recall": 0.78599999999214,
      "precision": 0.7380281690071547,
      "fpr": 0.27899999999721,
      "n": 2000,
      "n_real": 1000,
      "n_fake": 1000
    },
    "pixel+motion+consistency (ana)": {
      "auc": 0.843873,
      "f1": 0.7882703777335984,
      "accuracy": 0.787,
      "recall": 0.79299999999207,
      "precision": 0.7835968379369209,
      "fpr": 0.21899999999781,
      "n": 2000,
      "n_real": 1000,
      "n_fake": 1000
    }
  },
  "generator_breakdown": {}
}