{
  "source": "aegis_raw",
  "model_info": {
    "n_params_total": 94956811,
    "n_params_trainable": 9231883,
    "n_params_frozen": 85724928,
    "model_size_mb": 379.83,
    "checkpoint_size_mb": 453.83,
    "gpu_name": "Tesla V100-SXM2-16GB"
  },
  "performance": {
    "total_inference_time_s": 35.688,
    "avg_time_per_video_s": 0.0819,
    "videos_per_second": 12.22,
    "peak_gpu_memory_mb": 2189.9,
    "total_videos_processed": 436
  },
  "metrics": {
    "pixel": {
      "auc": 0.8550416631596667,
      "f1": 0.7518427518427518,
      "accuracy": 0.768348623853211,
      "recall": 0.7018348623531269,
      "precision": 0.8095238094809776,
      "fpr": 0.16513761467132396,
      "n": 436,
      "n_real": 218,
      "n_fake": 218
    },
    "motion": {
      "auc": 0.8050669135594646,
      "f1": 0.728110599078341,
      "accuracy": 0.7293577981651376,
      "recall": 0.7247706421685884,
      "precision": 0.7314814814476166,
      "fpr": 0.26605504585935524,
      "n": 436,
      "n_real": 218,
      "n_fake": 218
    },
    "consistency": {
      "auc": 0.8514960861880314,
      "f1": 0.7699530516431925,
      "accuracy": 0.7752293577981652,
      "recall": 0.7522935779471425,
      "precision": 0.7884615384236316,
      "fpr": 0.2018348623760626,
      "n": 436,
      "n_real": 218,
      "n_fake": 218
    },
    "pixel+motion": {
      "auc": 0.8769884689840922,
      "f1": 0.7729468599033816,
      "accuracy": 0.7844036697247706,
      "recall": 0.7339449540947731,
      "precision": 0.8163265305705956,
      "fpr": 0.16513761467132396,
      "n": 436,
      "n_real": 218,
      "n_fake": 218
    },
    "pixel+consistency": {
      "auc": 0.8645105630839154,
      "f1": 0.7714285714285715,
      "accuracy": 0.7798165137614679,
      "recall": 0.7431192660209578,
      "precision": 0.8019801979801,
      "fpr": 0.18348623852369328,
      "n": 436,
      "n_real": 218,
      "n_fake": 218
    },
    "motion+consistency": {
      "auc": 0.8673722750610217,
      "f1": 0.7915690866510539,
      "accuracy": 0.7958715596330275,
      "recall": 0.7752293577626042,
      "precision": 0.808612440152698,
      "fpr": 0.18348623852369328,
      "n": 436,
      "n_real": 218,
      "n_fake": 218
    },
    "pixel+motion+consistency (ana)": {
      "auc": 0.8773672249810622,
      "f1": 0.7788461538461539,
      "accuracy": 0.7889908256880734,
      "recall": 0.7431192660209578,
      "precision": 0.8181818181404958,
      "fpr": 0.16513761467132396,
      "n": 436,
      "n_real": 218,
      "n_fake": 218
    }
  },
  "generator_breakdown": {
    "camera": {
      "auc": NaN,
      "f1": 0.0,
      "accuracy": 0.8348623853211009,
      "recall": 0.0,
      "precision": 0.0,
      "fpr": 0.16513761467132396,
      "n": 218,
      "n_real": 218,
      "n_fake": 0
    },
    "kling": {
      "auc": NaN,
      "f1": 0.8730964467005076,
      "accuracy": 0.7747747747747747,
      "recall": 0.7747747747049752,
      "precision": 0.999999999883721,
      "fpr": 0.0,
      "n": 111,
      "n_real": 0,
      "n_fake": 111
    },
    "sora": {
      "auc": NaN,
      "f1": 0.8306010928961749,
      "accuracy": 0.7102803738317757,
      "recall": 0.7102803737653944,
      "precision": 0.9999999998684211,
      "fpr": 0.0,
      "n": 107,
      "n_real": 0,
      "n_fake": 107
    }
  }
}