{
  "source": "aegis",
  "model_info": {
    "n_params_total": 94956811,
    "n_params_trainable": 9231883,
    "n_params_frozen": 85724928,
    "model_size_mb": 379.83,
    "checkpoint_size_mb": 453.83,
    "gpu_name": "Tesla V100-SXM2-32GB"
  },
  "performance": {
    "total_inference_time_s": 34.604,
    "avg_time_per_video_s": 0.0794,
    "videos_per_second": 12.6,
    "peak_gpu_memory_mb": 2189.9,
    "total_videos_processed": 436
  },
  "metrics": {
    "pixel": {
      "auc": 0.8676984260584126,
      "f1": 0.7910112359550562,
      "accuracy": 0.786697247706422,
      "recall": 0.8073394495042504,
      "precision": 0.7753303964416154,
      "fpr": 0.23394495411770894,
      "n": 436,
      "n_real": 218,
      "n_fake": 218
    },
    "motion": {
      "auc": 0.686179614510563,
      "f1": 0.05309734513274336,
      "accuracy": 0.5091743119266054,
      "recall": 0.027522935778553994,
      "precision": 0.7499999990624999,
      "fpr": 0.009174311926184665,
      "n": 436,
      "n_real": 218,
      "n_fake": 218
    },
    "consistency": {
      "auc": 0.8664148640686812,
      "f1": 0.7866108786610879,
      "accuracy": 0.7660550458715596,
      "recall": 0.8623853210613585,
      "precision": 0.7230769230491124,
      "fpr": 0.3302752293426479,
      "n": 436,
      "n_real": 218,
      "n_fake": 218
    },
    "pixel+motion": {
      "auc": 0.8745686390034509,
      "f1": 0.7593052109181141,
      "accuracy": 0.7775229357798165,
      "recall": 0.7018348623531269,
      "precision": 0.8270270269823228,
      "fpr": 0.14678899081895463,
      "n": 436,
      "n_real": 218,
      "n_fake": 218
    },
    "pixel+consistency": {
      "auc": 0.8723592290211262,
      "f1": 0.8070175438596491,
      "accuracy": 0.7981651376146789,
      "recall": 0.8440366972089891,
      "precision": 0.7731092436649953,
      "fpr": 0.24770642200698592,
      "n": 436,
      "n_real": 218,
      "n_fake": 218
    },
    "motion+consistency": {
      "auc": 0.8628272030973824,
      "f1": 0.7990867579908676,
      "accuracy": 0.7981651376146789,
      "recall": 0.8027522935411581,
      "precision": 0.7954545454183884,
      "fpr": 0.20642201833915494,
      "n": 436,
      "n_real": 218,
      "n_fake": 218
    },
    "pixel+motion+consistency (ana)": {
      "auc": 0.8779774429761805,
      "f1": 0.7707317073170732,
      "accuracy": 0.7844036697247706,
      "recall": 0.7247706421685884,
      "precision": 0.8229166666238064,
      "fpr": 0.15596330274513928,
      "n": 436,
      "n_real": 218,
      "n_fake": 218
    }
  },
  "generator_breakdown": {
    "camera": {
      "auc": NaN,
      "f1": 0.0,
      "accuracy": 0.8440366972477065,
      "recall": 0.0,
      "precision": 0.0,
      "fpr": 0.15596330274513928,
      "n": 218,
      "n_real": 218,
      "n_fake": 0
    },
    "kling": {
      "auc": NaN,
      "f1": 0.8497409326424871,
      "accuracy": 0.7387387387387387,
      "recall": 0.7387387386721858,
      "precision": 0.9999999998780489,
      "fpr": 0.0,
      "n": 111,
      "n_real": 0,
      "n_fake": 111
    },
    "sora": {
      "auc": NaN,
      "f1": 0.8306010928961749,
      "accuracy": 0.7102803738317757,
      "recall": 0.7102803737653944,
      "precision": 0.9999999998684211,
      "fpr": 0.0,
      "n": 107,
      "n_real": 0,
      "n_fake": 107
    }
  }
}