{
  "source": "val",
  "model_info": {
    "n_params_total": 94956811,
    "n_params_trainable": 9231883,
    "n_params_frozen": 85724928,
    "model_size_mb": 379.83,
    "checkpoint_size_mb": 453.83,
    "gpu_name": "Tesla V100-SXM2-32GB"
  },
  "performance": {
    "total_inference_time_s": 814.889,
    "avg_time_per_video_s": 0.166,
    "videos_per_second": 6.02,
    "peak_gpu_memory_mb": 2189.9,
    "total_videos_processed": 4908
  },
  "metrics": {
    "pixel": {
      "auc": 0.9928180545167715,
      "f1": 0.9511966213045518,
      "accuracy": 0.9576202118989405,
      "recall": 0.9388605835991716,
      "precision": 0.9638611507324591,
      "fpr": 0.027646416878764474,
      "n": 4908,
      "n_real": 2749,
      "n_fake": 2159
    },
    "motion": {
      "auc": 0.9717601634077724,
      "f1": 0.880238036201339,
      "accuracy": 0.9015892420537898,
      "recall": 0.8221398795700688,
      "precision": 0.9471718249682649,
      "fpr": 0.03601309567102214,
      "n": 4908,
      "n_real": 2749,
      "n_fake": 2159
    },
    "consistency": {
      "auc": 0.973247503702976,
      "f1": 0.9281257222093829,
      "accuracy": 0.9366340668296659,
      "recall": 0.9300602130572948,
      "precision": 0.9261992619883478,
      "fpr": 0.05820298290266205,
      "n": 4908,
      "n_real": 2749,
      "n_fake": 2159
    },
    "pixel+motion": {
      "auc": 0.9980801473810595,
      "f1": 0.9731108020398702,
      "accuracy": 0.9763651181744091,
      "recall": 0.9722093561789152,
      "precision": 0.9740139211091694,
      "fpr": 0.02037104401593172,
      "n": 4908,
      "n_real": 2749,
      "n_fake": 2159
    },
    "pixel+consistency": {
      "auc": 0.9930169562690783,
      "f1": 0.9547152194211018,
      "accuracy": 0.9604726976365118,
      "recall": 0.9471977767441075,
      "precision": 0.9623529411719419,
      "fpr": 0.029101491451331025,
      "n": 4908,
      "n_real": 2749,
      "n_fake": 2159
    },
    "motion+consistency": {
      "auc": 0.9939327804746382,
      "f1": 0.9611161939615737,
      "accuracy": 0.965362673186634,
      "recall": 0.973135710972797,
      "precision": 0.9493899683644402,
      "fpr": 0.04074208803186344,
      "n": 4908,
      "n_real": 2749,
      "n_fake": 2159
    },
    "pixel+motion+consistency (ana)": {
      "auc": 0.9979761051683959,
      "f1": 0.9738728323699422,
      "accuracy": 0.9769763651181744,
      "recall": 0.9754515979575015,
      "precision": 0.9722991689705803,
      "fpr": 0.02182611858849827,
      "n": 4908,
      "n_real": 2749,
      "n_fake": 2159
    }
  }
}