{
  "source": "aigvdbench",
  "model_info": {
    "n_params_total": 94956811,
    "n_params_trainable": 9231883,
    "n_params_frozen": 85724928,
    "model_size_mb": 379.83,
    "checkpoint_size_mb": 453.83,
    "gpu_name": "Tesla V100-SXM2-32GB"
  },
  "performance": {
    "total_inference_time_s": 20.897,
    "avg_time_per_video_s": 0.0836,
    "videos_per_second": 11.96,
    "peak_gpu_memory_mb": 2189.9,
    "total_videos_processed": 250
  },
  "metrics": {
    "pixel": {
      "auc": NaN,
      "f1": 0.9539748953974896,
      "accuracy": 0.912,
      "recall": 0.91199999996352,
      "precision": 0.9999999999561403,
      "fpr": 0.0,
      "n": 250,
      "n_real": 0,
      "n_fake": 250
    },
    "motion": {
      "auc": NaN,
      "f1": 0.6187845303867403,
      "accuracy": 0.448,
      "recall": 0.44799999998208,
      "precision": 0.9999999999107143,
      "fpr": 0.0,
      "n": 250,
      "n_real": 0,
      "n_fake": 250
    },
    "consistency": {
      "auc": NaN,
      "f1": 0.9648033126293996,
      "accuracy": 0.932,
      "recall": 0.93199999996272,
      "precision": 0.9999999999570816,
      "fpr": 0.0,
      "n": 250,
      "n_real": 0,
      "n_fake": 250
    },
    "pixel+motion": {
      "auc": NaN,
      "f1": 0.9451476793248945,
      "accuracy": 0.896,
      "recall": 0.89599999996416,
      "precision": 0.9999999999553572,
      "fpr": 0.0,
      "n": 250,
      "n_real": 0,
      "n_fake": 250
    },
    "pixel+consistency": {
      "auc": NaN,
      "f1": 0.9604989604989606,
      "accuracy": 0.924,
      "recall": 0.9239999999630399,
      "precision": 0.99999999995671,
      "fpr": 0.0,
      "n": 250,
      "n_real": 0,
      "n_fake": 250
    },
    "motion+consistency": {
      "auc": NaN,
      "f1": 0.9626556016597511,
      "accuracy": 0.928,
      "recall": 0.92799999996288,
      "precision": 0.9999999999568965,
      "fpr": 0.0,
      "n": 250,
      "n_real": 0,
      "n_fake": 250
    },
    "pixel+motion+consistency (ana)": {
      "auc": NaN,
      "f1": 0.9473684210526315,
      "accuracy": 0.9,
      "recall": 0.8999999999639999,
      "precision": 0.9999999999555556,
      "fpr": 0.0,
      "n": 250,
      "n_real": 0,
      "n_fake": 250
    }
  }
}