{
  "source": "aegis_raw",
  "model_info": {
    "n_params_total": 94956811,
    "n_params_trainable": 9231883,
    "n_params_frozen": 85724928,
    "model_size_mb": 379.83,
    "checkpoint_size_mb": 453.83,
    "gpu_name": "Tesla V100-SXM2-16GB"
  },
  "performance": {
    "total_inference_time_s": 35.702,
    "avg_time_per_video_s": 0.0819,
    "videos_per_second": 12.21,
    "peak_gpu_memory_mb": 2189.9,
    "total_videos_processed": 436
  },
  "metrics": {
    "pixel": {
      "auc": 0.8573352411413181,
      "f1": 0.7852193995381063,
      "accuracy": 0.786697247706422,
      "recall": 0.7798165137256965,
      "precision": 0.790697674381828,
      "fpr": 0.20642201833915494,
      "n": 436,
      "n_real": 218,
      "n_fake": 218
    },
    "motion": {
      "auc": 0.8430898072552816,
      "f1": 0.7688787185354691,
      "accuracy": 0.768348623853211,
      "recall": 0.7706422017995118,
      "precision": 0.7671232876362044,
      "fpr": 0.23394495411770894,
      "n": 436,
      "n_real": 218,
      "n_fake": 218
    },
    "consistency": {
      "auc": 0.8597445501220435,
      "f1": 0.7850877192982456,
      "accuracy": 0.7752293577981652,
      "recall": 0.8211009173935274,
      "precision": 0.7521008403045335,
      "fpr": 0.2706422018224476,
      "n": 436,
      "n_real": 218,
      "n_fake": 218
    },
    "pixel+motion": {
      "auc": 0.9036065987711471,
      "f1": 0.8229885057471265,
      "accuracy": 0.823394495412844,
      "recall": 0.8211009173935274,
      "precision": 0.8248847925887149,
      "fpr": 0.17431192659750863,
      "n": 436,
      "n_real": 218,
      "n_fake": 218
    },
    "pixel+consistency": {
      "auc": 0.8671408130628735,
      "f1": 0.7955056179775281,
      "accuracy": 0.7912844036697247,
      "recall": 0.8119266054673427,
      "precision": 0.7797356827850337,
      "fpr": 0.2293577981546166,
      "n": 436,
      "n_real": 218,
      "n_fake": 218
    },
    "motion+consistency": {
      "auc": 0.893790505849676,
      "f1": 0.8105726872246696,
      "accuracy": 0.8027522935779816,
      "recall": 0.8440366972089891,
      "precision": 0.779661016916116,
      "fpr": 0.23853211008080127,
      "n": 436,
      "n_real": 218,
      "n_fake": 218
    },
    "pixel+motion+consistency (ana)": {
      "auc": 0.900555508795556,
      "f1": 0.820627802690583,
      "accuracy": 0.8165137614678899,
      "recall": 0.8394495412458968,
      "precision": 0.8026315789121653,
      "fpr": 0.20642201833915494,
      "n": 436,
      "n_real": 218,
      "n_fake": 218
    }
  },
  "generator_breakdown": {
    "camera": {
      "auc": NaN,
      "f1": 0.0,
      "accuracy": 0.7935779816513762,
      "recall": 0.0,
      "precision": 0.0,
      "fpr": 0.20642201833915494,
      "n": 218,
      "n_real": 218,
      "n_fake": 0
    },
    "kling": {
      "auc": NaN,
      "f1": 0.9064039408866995,
      "accuracy": 0.8288288288288288,
      "recall": 0.8288288287541596,
      "precision": 0.9999999998913044,
      "fpr": 0.0,
      "n": 111,
      "n_real": 0,
      "n_fake": 111
    },
    "sora": {
      "auc": NaN,
      "f1": 0.9191919191919192,
      "accuracy": 0.8504672897196262,
      "recall": 0.8504672896401433,
      "precision": 0.99999999989011,
      "fpr": 0.0,
      "n": 107,
      "n_real": 0,
      "n_fake": 107
    }
  }
}