model,accuracy,precision,recall,f1,auc,avg_time_s,params_b,disk_gb,peak_gpu_gb,camera_acc,kling_acc,sora_acc
Bizim Model (ham video),0.7935779816513762,0.8298969071737167,0.7385321100578655,0.7815533980582524,0.8910445248716438,0.0809,0.094956811,0.443193359375,2.13857421875,0.8486238532110092,0.7117117117117117,0.7663551401869159
VideoVeritas,0.8784,0.8547,0.9217,0.8869,0.8818,36.67,8.77,16.34,30.17,0.8394,0.955,0.8785
Skyra,0.867,0.9651,0.7615,0.8513,0.8706,16.18,8.29,15.46,20.62,0.9725,1.0,0.514
IvyFake,0.6261,0.5769,0.9722,0.7241,0.7776,26.21,3.75,7.03,12.12,0.289,0.982,0.9439
BusterX,0.6835,0.9271,0.4472,0.6034,0.7051,36.93,4.54,9.66,14.08,0.9587,0.4414,0.3738
CoCoVideo,0.4518,0.4644,0.6284,0.5341,0.4069,0.36,0.0335,0.3745,0.63,0.2752,0.5045,0.757
